Type,Account Ref,Nominal Code,Department,Date,Ref,Ex.Ref,Details,Net Amount,Tax Code,Tax Amount,Exchange Rate
PI,GTREE001,6201,0,24/06/2024,1122312882,,Part-Time IT Support Ad,33.33,T1,6.66,1
PI,GOOGLEIL,6201,0,30/06/2024,6447-1630-7478-4763,,Google Apps x6,16.50,T15,0.00,1
PI,GOOGLEIL,6201,0,31/07/2024,6447-1630-7478-4763,,Google Apps x12,19.69,T15,0.00,1
PI,DN001,7550,0,01/06/2024,863MAY,,Monthly Rental + Call Charges (May),10.85,T1,2.17,1
PI,DN001,7550,0,30/06/2024,863MAY,,Monthly Rental + Call Charges,10.01,T1,2.00,1
PI,DN001,7550,0,30/06/2024,863JUN,,Monthly Rental + Call Charges (Jun),12.38,T1,2.48,1
PI,DN001,7550,0,31/07/2024,863JUL,,Monthly Rental + Call Charges (Jul),12.48,T1,2.50,1
PI,DN001,7550,0,31/08/2024,863AUG,,Monthly Rental + Call Charges (Aug),10.56,T1,2.11,1
PI,CCSM,5000,0,03/08/2024,2268013,,HP SFF CORE Desktop PC,380.00,T1,76.00,1
PI,CE001,5000,0,15/07/2024,364190,,Cat6 UTP LSOH Cable + Right Angled Patch Panel,132.20,T1,26.44,1
PI,CE001,5000,0,24/07/2024,366329,,Cat6 Modules + Backboxes + Delivery,129.80,T1,25.96,1
PI,CE001,5000,0,06/08/2024,368980,,Patch Panels + Delivery,75.50,T1,15.10,1
PI,CE001,5000,0,11/08/2024,369833,,Cat6 UTP LSOH,72.49,T1,14.50,1
PI,CE001,7501,0,11/08/2024,369833,,Delivery,6.50,T1,1.30,1
PI,CE001,5000,0,21/08/2024,372256,,Cat6 Modules + Delivery,22.35,T1,4.47,1
PI,CAR001,7502,0,10/07/2024,2705546,,Compatible HP 131X Toner Multipack,95.01,T1,19.00,1
PI,CAR001,7501,0,10/07/2024,2705546,,Delivery,2.46,T1,0.49,1
PI,WFOP001,5000,0,06/07/2024,805688,,HP ProBook/260/ProDesk/ProDisplay,18520.60,T1,3704.12,1
PI,SB001,8204,0,02/06/2024,FQPR,,IT Contractor Insurance,216.13,T2,0.00,1
PI,CF0247,7604,0,19/06/2024,612145,,Registered Office (Regent Street),100.00,T1,20.00,1
PI,CF0247,7604,0,10/07/2024,613528,,Central London Mail Forwarding,100.00,T1,20.00,1
PI,IDN001,5000,0,26/08/2024,SIN365557,,Apple TV 1080P HD,74.99,T1,15.00,1
PI,IDN001,5000,0,28/08/2024,SIN365811,,AV/IT Equipment (Plasma HDMI Cables Cabinet),1815.50,T1,363.10,1
PI,IDN001,5000,0,28/08/2024,SIN365851,,Full Day Rate + Supply of Unistrut,722.00,T1,144.40,1
PI,IDN001,5000,0,28/08/2024,SIN365888,,Cat6 LSZH Cable + Patch Cables + Shielded Jack,194.89,T1,38.98,1
PI,IDN001,5000,0,28/08/2024,SIN365958,,4K Presentation Switcher + HDMI Extenders,1308.00,T1,261.60,1
PI,IDN001,5000,0,28/08/2024,SIN366418,,5M Twin Phono + Power Distribution,63.94,T1,12.79,1
PC,IDN001,5000,0,19/08/2024,SCR017753,,Credit Note - Apple TV,74.99,T1,15.00,1
PC,IDN001,5000,0,16/08/2024,SCR017696,,Credit Note - Speaker Cable,89.99,T1,18.00,1
